{
  "project_info": {
    "project_number": "000000000000",
    "project_id": "dev"
  },
  "client": [
    {
      "client_info": {
        "mobilesdk_app_id": "1:000000000000:android:0000000000000000",
        "android_client_info": {
          "package_name": "com.follow.clash"
        }
      },
      "oauth_client": [],
      "api_key": [
        {
          "current_key": "0"
        }
      ],
      "services": {
        "appinvite_service": {
          "other_platform_oauth_client": []
        }
      }
    },
    {
      "client_info": {
        "mobilesdk_app_id": "1:000000000000:android:0000000000000000",
        "android_client_info": {
          "package_name": "com.follow.clash.debug"
        }
      },
      "oauth_client": [],
      "api_key": [
        {
          "current_key": "0"
        }
      ],
      "services": {
        "appinvite_service": {
          "other_platform_oauth_client": []
        }
      }
    }
  ]
}